kisi,zaman,adres,twit,begeni_saysi,rt_sayisi,yorum_sayisi
@programmerjoke9,2021-05-20T07:31:48.000Z,/programmerjoke9/status/1395281083764183043,"Would you please accept my Merge Request, sir? https://ift.tt/3f30X8p #100Daysofcode #javascript #programming #dev #linux #java #programming #CodeNewbie #python #reactjs #bugbounty #DataScience #infosec #gamedev #BigData @programmerjoke9",,,
@JavaOcp,2021-05-20T09:43:06.000Z,/JavaOcp/status/1395314129078931461,"OCP Java Certification is a lot tougher than OCA. Try passing a few mocks before attempting the real exam to make sure you are ready. See average scores here: https://bit.ly/3p4rW6b
#100DaysOfCode #womenwhocode #GirlsWhoCode #javascript #python #flutter #csharp #PHP #Oracle",,,
@programmerjoke9,2021-05-20T07:31:52.000Z,/programmerjoke9/status/1395281102479187968,Programming job requirements be like https://ift.tt/3wjVC2j #100Daysofcode #javascript #programming #dev #linux #java #programming #CodeNewbie #python #reactjs #bugbounty #DataScience #infosec #gamedev #BigData @programmerjoke9,,,
@omvapt,2021-05-20T01:00:32.000Z,/omvapt/status/1395182621500624896,Breaking Down A #Python #Reverse_Shell One-Liner,,,
@programmerjoke9,2021-05-20T07:32:18.000Z,/programmerjoke9/status/1395281210679644160,It really be like that though https://ift.tt/3eZGy4f #100Daysofcode #javascript #programming #dev #linux #java #programming #CodeNewbie #python #reactjs #bugbounty #DataScience #infosec #gamedev #BigData @programmerjoke9,,,
@programmerjoke9,2021-05-20T07:31:48.000Z,/programmerjoke9/status/1395281083764183043,"Would you please accept my Merge Request, sir? https://ift.tt/3f30X8p #100Daysofcode #javascript #programming #dev #linux #java #programming #CodeNewbie #python #reactjs #bugbounty #DataScience #infosec #gamedev #BigData @programmerjoke9",,,
@JavaOcp,2021-05-20T09:43:06.000Z,/JavaOcp/status/1395314129078931461,"OCP Java Certification is a lot tougher than OCA. Try passing a few mocks before attempting the real exam to make sure you are ready. See average scores here: https://bit.ly/3p4rW6b
#100DaysOfCode #womenwhocode #GirlsWhoCode #javascript #python #flutter #csharp #PHP #Oracle",,,
@programmerjoke9,2021-05-20T07:31:52.000Z,/programmerjoke9/status/1395281102479187968,Programming job requirements be like https://ift.tt/3wjVC2j #100Daysofcode #javascript #programming #dev #linux #java #programming #CodeNewbie #python #reactjs #bugbounty #DataScience #infosec #gamedev #BigData @programmerjoke9,,,
@omvapt,2021-05-20T01:00:32.000Z,/omvapt/status/1395182621500624896,Breaking Down A #Python #Reverse_Shell One-Liner,,,
@programmerjoke9,2021-05-20T07:32:18.000Z,/programmerjoke9/status/1395281210679644160,It really be like that though https://ift.tt/3eZGy4f #100Daysofcode #javascript #programming #dev #linux #java #programming #CodeNewbie #python #reactjs #bugbounty #DataScience #infosec #gamedev #BigData @programmerjoke9,,,
@programmerjoke9,2021-05-20T07:31:48.000Z,/programmerjoke9/status/1395281083764183043,"Would you please accept my Merge Request, sir? https://ift.tt/3f30X8p #100Daysofcode #javascript #programming #dev #linux #java #programming #CodeNewbie #python #reactjs #bugbounty #DataScience #infosec #gamedev #BigData @programmerjoke9",,,
@JavaOcp,2021-05-20T09:43:06.000Z,/JavaOcp/status/1395314129078931461,"OCP Java Certification is a lot tougher than OCA. Try passing a few mocks before attempting the real exam to make sure you are ready. See average scores here: https://bit.ly/3p4rW6b
#100DaysOfCode #womenwhocode #GirlsWhoCode #javascript #python #flutter #csharp #PHP #Oracle",,,
@programmerjoke9,2021-05-20T07:31:52.000Z,/programmerjoke9/status/1395281102479187968,Programming job requirements be like https://ift.tt/3wjVC2j #100Daysofcode #javascript #programming #dev #linux #java #programming #CodeNewbie #python #reactjs #bugbounty #DataScience #infosec #gamedev #BigData @programmerjoke9,,,
@omvapt,2021-05-20T01:00:32.000Z,/omvapt/status/1395182621500624896,Breaking Down A #Python #Reverse_Shell One-Liner,,,
@programmerjoke9,2021-05-20T07:32:18.000Z,/programmerjoke9/status/1395281210679644160,It really be like that though https://ift.tt/3eZGy4f #100Daysofcode #javascript #programming #dev #linux #java #programming #CodeNewbie #python #reactjs #bugbounty #DataScience #infosec #gamedev #BigData @programmerjoke9,,,
@programmerjoke9,2021-05-20T07:31:48.000Z,/programmerjoke9/status/1395281083764183043,"Would you please accept my Merge Request, sir? https://ift.tt/3f30X8p #100Daysofcode #javascript #programming #dev #linux #java #programming #CodeNewbie #python #reactjs #bugbounty #DataScience #infosec #gamedev #BigData @programmerjoke9",,,
@JavaOcp,2021-05-20T09:43:06.000Z,/JavaOcp/status/1395314129078931461,"OCP Java Certification is a lot tougher than OCA. Try passing a few mocks before attempting the real exam to make sure you are ready. See average scores here: https://bit.ly/3p4rW6b
#100DaysOfCode #womenwhocode #GirlsWhoCode #javascript #python #flutter #csharp #PHP #Oracle",,,
@programmerjoke9,2021-05-20T07:31:52.000Z,/programmerjoke9/status/1395281102479187968,Programming job requirements be like https://ift.tt/3wjVC2j #100Daysofcode #javascript #programming #dev #linux #java #programming #CodeNewbie #python #reactjs #bugbounty #DataScience #infosec #gamedev #BigData @programmerjoke9,,,
@omvapt,2021-05-20T01:00:32.000Z,/omvapt/status/1395182621500624896,Breaking Down A #Python #Reverse_Shell One-Liner,,,
@programmerjoke9,2021-05-20T07:32:18.000Z,/programmerjoke9/status/1395281210679644160,It really be like that though https://ift.tt/3eZGy4f #100Daysofcode #javascript #programming #dev #linux #java #programming #CodeNewbie #python #reactjs #bugbounty #DataScience #infosec #gamedev #BigData @programmerjoke9,,,
@programmerjoke9,2021-05-20T07:31:48.000Z,/programmerjoke9/status/1395281083764183043,"Would you please accept my Merge Request, sir? https://ift.tt/3f30X8p #100Daysofcode #javascript #programming #dev #linux #java #programming #CodeNewbie #python #reactjs #bugbounty #DataScience #infosec #gamedev #BigData @programmerjoke9",,,
@JavaOcp,2021-05-20T09:43:06.000Z,/JavaOcp/status/1395314129078931461,"OCP Java Certification is a lot tougher than OCA. Try passing a few mocks before attempting the real exam to make sure you are ready. See average scores here: https://bit.ly/3p4rW6b
#100DaysOfCode #womenwhocode #GirlsWhoCode #javascript #python #flutter #csharp #PHP #Oracle",,,
@programmerjoke9,2021-05-20T07:31:52.000Z,/programmerjoke9/status/1395281102479187968,Programming job requirements be like https://ift.tt/3wjVC2j #100Daysofcode #javascript #programming #dev #linux #java #programming #CodeNewbie #python #reactjs #bugbounty #DataScience #infosec #gamedev #BigData @programmerjoke9,,,
@omvapt,2021-05-20T01:00:32.000Z,/omvapt/status/1395182621500624896,Breaking Down A #Python #Reverse_Shell One-Liner,,,
@programmerjoke9,2021-05-20T07:32:18.000Z,/programmerjoke9/status/1395281210679644160,It really be like that though https://ift.tt/3eZGy4f #100Daysofcode #javascript #programming #dev #linux #java #programming #CodeNewbie #python #reactjs #bugbounty #DataScience #infosec #gamedev #BigData @programmerjoke9,,,
@programmerjoke9,2021-05-20T07:31:48.000Z,/programmerjoke9/status/1395281083764183043,"Would you please accept my Merge Request, sir? https://ift.tt/3f30X8p #100Daysofcode #javascript #programming #dev #linux #java #programming #CodeNewbie #python #reactjs #bugbounty #DataScience #infosec #gamedev #BigData @programmerjoke9",,,
@JavaOcp,2021-05-20T09:43:06.000Z,/JavaOcp/status/1395314129078931461,"OCP Java Certification is a lot tougher than OCA. Try passing a few mocks before attempting the real exam to make sure you are ready. See average scores here: https://bit.ly/3p4rW6b
#100DaysOfCode #womenwhocode #GirlsWhoCode #javascript #python #flutter #csharp #PHP #Oracle",,,
@programmerjoke9,2021-05-20T07:31:52.000Z,/programmerjoke9/status/1395281102479187968,Programming job requirements be like https://ift.tt/3wjVC2j #100Daysofcode #javascript #programming #dev #linux #java #programming #CodeNewbie #python #reactjs #bugbounty #DataScience #infosec #gamedev #BigData @programmerjoke9,,,
@omvapt,2021-05-20T01:00:32.000Z,/omvapt/status/1395182621500624896,Breaking Down A #Python #Reverse_Shell One-Liner,,,
@programmerjoke9,2021-05-20T07:32:18.000Z,/programmerjoke9/status/1395281210679644160,It really be like that though https://ift.tt/3eZGy4f #100Daysofcode #javascript #programming #dev #linux #java #programming #CodeNewbie #python #reactjs #bugbounty #DataScience #infosec #gamedev #BigData @programmerjoke9,,,
@programmerjoke9,2021-05-20T07:31:48.000Z,/programmerjoke9/status/1395281083764183043,"Would you please accept my Merge Request, sir? https://ift.tt/3f30X8p #100Daysofcode #javascript #programming #dev #linux #java #programming #CodeNewbie #python #reactjs #bugbounty #DataScience #infosec #gamedev #BigData @programmerjoke9",,,
@JavaOcp,2021-05-20T09:43:06.000Z,/JavaOcp/status/1395314129078931461,"OCP Java Certification is a lot tougher than OCA. Try passing a few mocks before attempting the real exam to make sure you are ready. See average scores here: https://bit.ly/3p4rW6b
#100DaysOfCode #womenwhocode #GirlsWhoCode #javascript #python #flutter #csharp #PHP #Oracle",,,
@programmerjoke9,2021-05-20T07:31:52.000Z,/programmerjoke9/status/1395281102479187968,Programming job requirements be like https://ift.tt/3wjVC2j #100Daysofcode #javascript #programming #dev #linux #java #programming #CodeNewbie #python #reactjs #bugbounty #DataScience #infosec #gamedev #BigData @programmerjoke9,,,
@omvapt,2021-05-20T01:00:32.000Z,/omvapt/status/1395182621500624896,Breaking Down A #Python #Reverse_Shell One-Liner,,,
@programmerjoke9,2021-05-20T07:32:18.000Z,/programmerjoke9/status/1395281210679644160,It really be like that though https://ift.tt/3eZGy4f #100Daysofcode #javascript #programming #dev #linux #java #programming #CodeNewbie #python #reactjs #bugbounty #DataScience #infosec #gamedev #BigData @programmerjoke9,,,
@programmerjoke9,2021-05-20T07:31:48.000Z,/programmerjoke9/status/1395281083764183043,"Would you please accept my Merge Request, sir? https://ift.tt/3f30X8p #100Daysofcode #javascript #programming #dev #linux #java #programming #CodeNewbie #python #reactjs #bugbounty #DataScience #infosec #gamedev #BigData @programmerjoke9",,,
@JavaOcp,2021-05-20T09:43:06.000Z,/JavaOcp/status/1395314129078931461,"OCP Java Certification is a lot tougher than OCA. Try passing a few mocks before attempting the real exam to make sure you are ready. See average scores here: https://bit.ly/3p4rW6b
#100DaysOfCode #womenwhocode #GirlsWhoCode #javascript #python #flutter #csharp #PHP #Oracle",,,
@programmerjoke9,2021-05-20T07:31:52.000Z,/programmerjoke9/status/1395281102479187968,Programming job requirements be like https://ift.tt/3wjVC2j #100Daysofcode #javascript #programming #dev #linux #java #programming #CodeNewbie #python #reactjs #bugbounty #DataScience #infosec #gamedev #BigData @programmerjoke9,,,
@omvapt,2021-05-20T01:00:32.000Z,/omvapt/status/1395182621500624896,Breaking Down A #Python #Reverse_Shell One-Liner,,,
@programmerjoke9,2021-05-20T07:32:18.000Z,/programmerjoke9/status/1395281210679644160,It really be like that though https://ift.tt/3eZGy4f #100Daysofcode #javascript #programming #dev #linux #java #programming #CodeNewbie #python #reactjs #bugbounty #DataScience #infosec #gamedev #BigData @programmerjoke9,,,
@programmerjoke9,2021-05-20T07:31:48.000Z,/programmerjoke9/status/1395281083764183043,"Would you please accept my Merge Request, sir? https://ift.tt/3f30X8p #100Daysofcode #javascript #programming #dev #linux #java #programming #CodeNewbie #python #reactjs #bugbounty #DataScience #infosec #gamedev #BigData @programmerjoke9",,,
@JavaOcp,2021-05-20T09:43:06.000Z,/JavaOcp/status/1395314129078931461,"OCP Java Certification is a lot tougher than OCA. Try passing a few mocks before attempting the real exam to make sure you are ready. See average scores here: https://bit.ly/3p4rW6b
#100DaysOfCode #womenwhocode #GirlsWhoCode #javascript #python #flutter #csharp #PHP #Oracle",,,
@programmerjoke9,2021-05-20T07:31:52.000Z,/programmerjoke9/status/1395281102479187968,Programming job requirements be like https://ift.tt/3wjVC2j #100Daysofcode #javascript #programming #dev #linux #java #programming #CodeNewbie #python #reactjs #bugbounty #DataScience #infosec #gamedev #BigData @programmerjoke9,,,
@omvapt,2021-05-20T01:00:32.000Z,/omvapt/status/1395182621500624896,Breaking Down A #Python #Reverse_Shell One-Liner,,,
@programmerjoke9,2021-05-20T07:32:18.000Z,/programmerjoke9/status/1395281210679644160,It really be like that though https://ift.tt/3eZGy4f #100Daysofcode #javascript #programming #dev #linux #java #programming #CodeNewbie #python #reactjs #bugbounty #DataScience #infosec #gamedev #BigData @programmerjoke9,,,
@programmerjoke9,2021-05-20T07:31:48.000Z,/programmerjoke9/status/1395281083764183043,"Would you please accept my Merge Request, sir? https://ift.tt/3f30X8p #100Daysofcode #javascript #programming #dev #linux #java #programming #CodeNewbie #python #reactjs #bugbounty #DataScience #infosec #gamedev #BigData @programmerjoke9",,,
@JavaOcp,2021-05-20T09:43:06.000Z,/JavaOcp/status/1395314129078931461,"OCP Java Certification is a lot tougher than OCA. Try passing a few mocks before attempting the real exam to make sure you are ready. See average scores here: https://bit.ly/3p4rW6b
#100DaysOfCode #womenwhocode #GirlsWhoCode #javascript #python #flutter #csharp #PHP #Oracle",,,
@programmerjoke9,2021-05-20T07:31:52.000Z,/programmerjoke9/status/1395281102479187968,Programming job requirements be like https://ift.tt/3wjVC2j #100Daysofcode #javascript #programming #dev #linux #java #programming #CodeNewbie #python #reactjs #bugbounty #DataScience #infosec #gamedev #BigData @programmerjoke9,,,
@omvapt,2021-05-20T01:00:32.000Z,/omvapt/status/1395182621500624896,Breaking Down A #Python #Reverse_Shell One-Liner,,,
@programmerjoke9,2021-05-20T07:32:18.000Z,/programmerjoke9/status/1395281210679644160,It really be like that though https://ift.tt/3eZGy4f #100Daysofcode #javascript #programming #dev #linux #java #programming #CodeNewbie #python #reactjs #bugbounty #DataScience #infosec #gamedev #BigData @programmerjoke9,,,
@programmerjoke9,2021-05-20T07:31:48.000Z,/programmerjoke9/status/1395281083764183043,"Would you please accept my Merge Request, sir? https://ift.tt/3f30X8p #100Daysofcode #javascript #programming #dev #linux #java #programming #CodeNewbie #python #reactjs #bugbounty #DataScience #infosec #gamedev #BigData @programmerjoke9",,,
@JavaOcp,2021-05-20T09:43:06.000Z,/JavaOcp/status/1395314129078931461,"OCP Java Certification is a lot tougher than OCA. Try passing a few mocks before attempting the real exam to make sure you are ready. See average scores here: https://bit.ly/3p4rW6b
#100DaysOfCode #womenwhocode #GirlsWhoCode #javascript #python #flutter #csharp #PHP #Oracle",,,
@programmerjoke9,2021-05-20T07:31:52.000Z,/programmerjoke9/status/1395281102479187968,Programming job requirements be like https://ift.tt/3wjVC2j #100Daysofcode #javascript #programming #dev #linux #java #programming #CodeNewbie #python #reactjs #bugbounty #DataScience #infosec #gamedev #BigData @programmerjoke9,,,
@omvapt,2021-05-20T01:00:32.000Z,/omvapt/status/1395182621500624896,Breaking Down A #Python #Reverse_Shell One-Liner,,,
@programmerjoke9,2021-05-20T07:32:18.000Z,/programmerjoke9/status/1395281210679644160,It really be like that though https://ift.tt/3eZGy4f #100Daysofcode #javascript #programming #dev #linux #java #programming #CodeNewbie #python #reactjs #bugbounty #DataScience #infosec #gamedev #BigData @programmerjoke9,,,
@programmerjoke9,2021-05-20T07:31:48.000Z,/programmerjoke9/status/1395281083764183043,"Would you please accept my Merge Request, sir? https://ift.tt/3f30X8p #100Daysofcode #javascript #programming #dev #linux #java #programming #CodeNewbie #python #reactjs #bugbounty #DataScience #infosec #gamedev #BigData @programmerjoke9",,,
@JavaOcp,2021-05-20T09:43:06.000Z,/JavaOcp/status/1395314129078931461,"OCP Java Certification is a lot tougher than OCA. Try passing a few mocks before attempting the real exam to make sure you are ready. See average scores here: https://bit.ly/3p4rW6b
#100DaysOfCode #womenwhocode #GirlsWhoCode #javascript #python #flutter #csharp #PHP #Oracle",,,
@programmerjoke9,2021-05-20T07:31:52.000Z,/programmerjoke9/status/1395281102479187968,Programming job requirements be like https://ift.tt/3wjVC2j #100Daysofcode #javascript #programming #dev #linux #java #programming #CodeNewbie #python #reactjs #bugbounty #DataScience #infosec #gamedev #BigData @programmerjoke9,,,
@omvapt,2021-05-20T01:00:32.000Z,/omvapt/status/1395182621500624896,Breaking Down A #Python #Reverse_Shell One-Liner,,,
@programmerjoke9,2021-05-20T07:32:18.000Z,/programmerjoke9/status/1395281210679644160,It really be like that though https://ift.tt/3eZGy4f #100Daysofcode #javascript #programming #dev #linux #java #programming #CodeNewbie #python #reactjs #bugbounty #DataScience #infosec #gamedev #BigData @programmerjoke9,,,
@programmerjoke9,2021-05-20T07:31:48.000Z,/programmerjoke9/status/1395281083764183043,"Would you please accept my Merge Request, sir? https://ift.tt/3f30X8p #100Daysofcode #javascript #programming #dev #linux #java #programming #CodeNewbie #python #reactjs #bugbounty #DataScience #infosec #gamedev #BigData @programmerjoke9",,,
@JavaOcp,2021-05-20T09:43:06.000Z,/JavaOcp/status/1395314129078931461,"OCP Java Certification is a lot tougher than OCA. Try passing a few mocks before attempting the real exam to make sure you are ready. See average scores here: https://bit.ly/3p4rW6b
#100DaysOfCode #womenwhocode #GirlsWhoCode #javascript #python #flutter #csharp #PHP #Oracle",,,
@programmerjoke9,2021-05-20T07:31:52.000Z,/programmerjoke9/status/1395281102479187968,Programming job requirements be like https://ift.tt/3wjVC2j #100Daysofcode #javascript #programming #dev #linux #java #programming #CodeNewbie #python #reactjs #bugbounty #DataScience #infosec #gamedev #BigData @programmerjoke9,,,
@omvapt,2021-05-20T01:00:32.000Z,/omvapt/status/1395182621500624896,Breaking Down A #Python #Reverse_Shell One-Liner,,,
@programmerjoke9,2021-05-20T07:32:18.000Z,/programmerjoke9/status/1395281210679644160,It really be like that though https://ift.tt/3eZGy4f #100Daysofcode #javascript #programming #dev #linux #java #programming #CodeNewbie #python #reactjs #bugbounty #DataScience #infosec #gamedev #BigData @programmerjoke9,,,
@programmerjoke9,2021-05-20T07:31:48.000Z,/programmerjoke9/status/1395281083764183043,"Would you please accept my Merge Request, sir? https://ift.tt/3f30X8p #100Daysofcode #javascript #programming #dev #linux #java #programming #CodeNewbie #python #reactjs #bugbounty #DataScience #infosec #gamedev #BigData @programmerjoke9",,,
@JavaOcp,2021-05-20T09:43:06.000Z,/JavaOcp/status/1395314129078931461,"OCP Java Certification is a lot tougher than OCA. Try passing a few mocks before attempting the real exam to make sure you are ready. See average scores here: https://bit.ly/3p4rW6b
#100DaysOfCode #womenwhocode #GirlsWhoCode #javascript #python #flutter #csharp #PHP #Oracle",,,
@programmerjoke9,2021-05-20T07:31:52.000Z,/programmerjoke9/status/1395281102479187968,Programming job requirements be like https://ift.tt/3wjVC2j #100Daysofcode #javascript #programming #dev #linux #java #programming #CodeNewbie #python #reactjs #bugbounty #DataScience #infosec #gamedev #BigData @programmerjoke9,,,
@omvapt,2021-05-20T01:00:32.000Z,/omvapt/status/1395182621500624896,Breaking Down A #Python #Reverse_Shell One-Liner,,,
@programmerjoke9,2021-05-20T07:32:18.000Z,/programmerjoke9/status/1395281210679644160,It really be like that though https://ift.tt/3eZGy4f #100Daysofcode #javascript #programming #dev #linux #java #programming #CodeNewbie #python #reactjs #bugbounty #DataScience #infosec #gamedev #BigData @programmerjoke9,,,
@programmerjoke9,2021-05-20T07:31:48.000Z,/programmerjoke9/status/1395281083764183043,"Would you please accept my Merge Request, sir? https://ift.tt/3f30X8p #100Daysofcode #javascript #programming #dev #linux #java #programming #CodeNewbie #python #reactjs #bugbounty #DataScience #infosec #gamedev #BigData @programmerjoke9",,,
@JavaOcp,2021-05-20T09:43:06.000Z,/JavaOcp/status/1395314129078931461,"OCP Java Certification is a lot tougher than OCA. Try passing a few mocks before attempting the real exam to make sure you are ready. See average scores here: https://bit.ly/3p4rW6b
#100DaysOfCode #womenwhocode #GirlsWhoCode #javascript #python #flutter #csharp #PHP #Oracle",,,
@programmerjoke9,2021-05-20T07:31:52.000Z,/programmerjoke9/status/1395281102479187968,Programming job requirements be like https://ift.tt/3wjVC2j #100Daysofcode #javascript #programming #dev #linux #java #programming #CodeNewbie #python #reactjs #bugbounty #DataScience #infosec #gamedev #BigData @programmerjoke9,,,
@omvapt,2021-05-20T01:00:32.000Z,/omvapt/status/1395182621500624896,Breaking Down A #Python #Reverse_Shell One-Liner,,,
@programmerjoke9,2021-05-20T07:32:18.000Z,/programmerjoke9/status/1395281210679644160,It really be like that though https://ift.tt/3eZGy4f #100Daysofcode #javascript #programming #dev #linux #java #programming #CodeNewbie #python #reactjs #bugbounty #DataScience #infosec #gamedev #BigData @programmerjoke9,,,
@programmerjoke9,2021-05-20T07:31:48.000Z,/programmerjoke9/status/1395281083764183043,"Would you please accept my Merge Request, sir? https://ift.tt/3f30X8p #100Daysofcode #javascript #programming #dev #linux #java #programming #CodeNewbie #python #reactjs #bugbounty #DataScience #infosec #gamedev #BigData @programmerjoke9",,,
@JavaOcp,2021-05-20T09:43:06.000Z,/JavaOcp/status/1395314129078931461,"OCP Java Certification is a lot tougher than OCA. Try passing a few mocks before attempting the real exam to make sure you are ready. See average scores here: https://bit.ly/3p4rW6b
#100DaysOfCode #womenwhocode #GirlsWhoCode #javascript #python #flutter #csharp #PHP #Oracle",,,
@programmerjoke9,2021-05-20T07:31:52.000Z,/programmerjoke9/status/1395281102479187968,Programming job requirements be like https://ift.tt/3wjVC2j #100Daysofcode #javascript #programming #dev #linux #java #programming #CodeNewbie #python #reactjs #bugbounty #DataScience #infosec #gamedev #BigData @programmerjoke9,,,
@omvapt,2021-05-20T01:00:32.000Z,/omvapt/status/1395182621500624896,Breaking Down A #Python #Reverse_Shell One-Liner,,,
@programmerjoke9,2021-05-20T07:32:18.000Z,/programmerjoke9/status/1395281210679644160,It really be like that though https://ift.tt/3eZGy4f #100Daysofcode #javascript #programming #dev #linux #java #programming #CodeNewbie #python #reactjs #bugbounty #DataScience #infosec #gamedev #BigData @programmerjoke9,,,
@programmerjoke9,2021-05-20T07:31:48.000Z,/programmerjoke9/status/1395281083764183043,"Would you please accept my Merge Request, sir? https://ift.tt/3f30X8p #100Daysofcode #javascript #programming #dev #linux #java #programming #CodeNewbie #python #reactjs #bugbounty #DataScience #infosec #gamedev #BigData @programmerjoke9",,,
@JavaOcp,2021-05-20T09:43:06.000Z,/JavaOcp/status/1395314129078931461,"OCP Java Certification is a lot tougher than OCA. Try passing a few mocks before attempting the real exam to make sure you are ready. See average scores here: https://bit.ly/3p4rW6b
#100DaysOfCode #womenwhocode #GirlsWhoCode #javascript #python #flutter #csharp #PHP #Oracle",,,
@programmerjoke9,2021-05-20T07:31:52.000Z,/programmerjoke9/status/1395281102479187968,Programming job requirements be like https://ift.tt/3wjVC2j #100Daysofcode #javascript #programming #dev #linux #java #programming #CodeNewbie #python #reactjs #bugbounty #DataScience #infosec #gamedev #BigData @programmerjoke9,,,
@omvapt,2021-05-20T01:00:32.000Z,/omvapt/status/1395182621500624896,Breaking Down A #Python #Reverse_Shell One-Liner,,,
@programmerjoke9,2021-05-20T07:32:18.000Z,/programmerjoke9/status/1395281210679644160,It really be like that though https://ift.tt/3eZGy4f #100Daysofcode #javascript #programming #dev #linux #java #programming #CodeNewbie #python #reactjs #bugbounty #DataScience #infosec #gamedev #BigData @programmerjoke9,,,
@programmerjoke9,2021-05-20T07:31:48.000Z,/programmerjoke9/status/1395281083764183043,"Would you please accept my Merge Request, sir? https://ift.tt/3f30X8p #100Daysofcode #javascript #programming #dev #linux #java #programming #CodeNewbie #python #reactjs #bugbounty #DataScience #infosec #gamedev #BigData @programmerjoke9",,,
@JavaOcp,2021-05-20T09:43:06.000Z,/JavaOcp/status/1395314129078931461,"OCP Java Certification is a lot tougher than OCA. Try passing a few mocks before attempting the real exam to make sure you are ready. See average scores here: https://bit.ly/3p4rW6b
#100DaysOfCode #womenwhocode #GirlsWhoCode #javascript #python #flutter #csharp #PHP #Oracle",,,
@programmerjoke9,2021-05-20T07:31:52.000Z,/programmerjoke9/status/1395281102479187968,Programming job requirements be like https://ift.tt/3wjVC2j #100Daysofcode #javascript #programming #dev #linux #java #programming #CodeNewbie #python #reactjs #bugbounty #DataScience #infosec #gamedev #BigData @programmerjoke9,,,
@omvapt,2021-05-20T01:00:32.000Z,/omvapt/status/1395182621500624896,Breaking Down A #Python #Reverse_Shell One-Liner,,,
@programmerjoke9,2021-05-20T07:32:18.000Z,/programmerjoke9/status/1395281210679644160,It really be like that though https://ift.tt/3eZGy4f #100Daysofcode #javascript #programming #dev #linux #java #programming #CodeNewbie #python #reactjs #bugbounty #DataScience #infosec #gamedev #BigData @programmerjoke9,,,
@programmerjoke9,2021-05-20T07:31:48.000Z,/programmerjoke9/status/1395281083764183043,"Would you please accept my Merge Request, sir? https://ift.tt/3f30X8p #100Daysofcode #javascript #programming #dev #linux #java #programming #CodeNewbie #python #reactjs #bugbounty #DataScience #infosec #gamedev #BigData @programmerjoke9",,,
@JavaOcp,2021-05-20T09:43:06.000Z,/JavaOcp/status/1395314129078931461,"OCP Java Certification is a lot tougher than OCA. Try passing a few mocks before attempting the real exam to make sure you are ready. See average scores here: https://bit.ly/3p4rW6b
#100DaysOfCode #womenwhocode #GirlsWhoCode #javascript #python #flutter #csharp #PHP #Oracle",,,
@programmerjoke9,2021-05-20T07:31:52.000Z,/programmerjoke9/status/1395281102479187968,Programming job requirements be like https://ift.tt/3wjVC2j #100Daysofcode #javascript #programming #dev #linux #java #programming #CodeNewbie #python #reactjs #bugbounty #DataScience #infosec #gamedev #BigData @programmerjoke9,,,
@omvapt,2021-05-20T01:00:32.000Z,/omvapt/status/1395182621500624896,Breaking Down A #Python #Reverse_Shell One-Liner,,,
@programmerjoke9,2021-05-20T07:32:18.000Z,/programmerjoke9/status/1395281210679644160,It really be like that though https://ift.tt/3eZGy4f #100Daysofcode #javascript #programming #dev #linux #java #programming #CodeNewbie #python #reactjs #bugbounty #DataScience #infosec #gamedev #BigData @programmerjoke9,,,
@programmerjoke9,2021-05-20T07:31:48.000Z,/programmerjoke9/status/1395281083764183043,"Would you please accept my Merge Request, sir? https://ift.tt/3f30X8p #100Daysofcode #javascript #programming #dev #linux #java #programming #CodeNewbie #python #reactjs #bugbounty #DataScience #infosec #gamedev #BigData @programmerjoke9",,,
@JavaOcp,2021-05-20T09:43:06.000Z,/JavaOcp/status/1395314129078931461,"OCP Java Certification is a lot tougher than OCA. Try passing a few mocks before attempting the real exam to make sure you are ready. See average scores here: https://bit.ly/3p4rW6b
#100DaysOfCode #womenwhocode #GirlsWhoCode #javascript #python #flutter #csharp #PHP #Oracle",,,
@programmerjoke9,2021-05-20T07:31:52.000Z,/programmerjoke9/status/1395281102479187968,Programming job requirements be like https://ift.tt/3wjVC2j #100Daysofcode #javascript #programming #dev #linux #java #programming #CodeNewbie #python #reactjs #bugbounty #DataScience #infosec #gamedev #BigData @programmerjoke9,,,
@omvapt,2021-05-20T01:00:32.000Z,/omvapt/status/1395182621500624896,Breaking Down A #Python #Reverse_Shell One-Liner,,,
@programmerjoke9,2021-05-20T07:32:18.000Z,/programmerjoke9/status/1395281210679644160,It really be like that though https://ift.tt/3eZGy4f #100Daysofcode #javascript #programming #dev #linux #java #programming #CodeNewbie #python #reactjs #bugbounty #DataScience #infosec #gamedev #BigData @programmerjoke9,,,
